<?xml version="1.0" encoding="UTF-8"?>
<GenRun Id="impl_11" LaunchPart="xc7a100tcsg324-1" LaunchTime="1542167506">
  <File Type="OPT-HWDEF" Name="Nexys4fpga.hwdef"/>
  <File Type="PA-DCP" Name="Nexys4fpga.dcp"/>
  <File Type="OPT-DCP" Name="Nexys4fpga_opt.dcp"/>
  <File Type="ROUTE-PWR" Name="Nexys4fpga_power_routed.rpt"/>
  <File Type="PA-TCL" Name="Nexys4fpga.tcl"/>
  <File Type="ROUTE-PWR-SUM" Name="Nexys4fpga_power_summary_routed.pb"/>
  <File Type="REPORTS-TCL" Name="Nexys4fpga_reports.tcl"/>
  <File Type="BG-DRC" Name="Nexys4fpga.drc"/>
  <File Type="OPT-METHODOLOGY-DRC" Name="Nexys4fpga_methodology_drc_opted.rpt"/>
  <File Type="INIT-TIMING" Name="Nexys4fpga_timing_summary_init.rpt"/>
  <File Type="OPT-DRC" Name="Nexys4fpga_drc_opted.rpt"/>
  <File Type="OPT-TIMING" Name="Nexys4fpga_timing_summary_opted.rpt"/>
  <File Type="PWROPT-DCP" Name="Nexys4fpga_pwropt.dcp"/>
  <File Type="PWROPT-DRC" Name="Nexys4fpga_drc_pwropted.rpt"/>
  <File Type="PWROPT-TIMING" Name="Nexys4fpga_timing_summary_pwropted.rpt"/>
  <File Type="PLACE-DCP" Name="Nexys4fpga_placed.dcp"/>
  <File Type="PLACE-IO" Name="Nexys4fpga_io_placed.rpt"/>
  <File Type="PLACE-CLK" Name="Nexys4fpga_clock_utilization_placed.rpt"/>
  <File Type="PLACE-UTIL" Name="Nexys4fpga_utilization_placed.rpt"/>
  <File Type="PLACE-UTIL-PB" Name="Nexys4fpga_utilization_placed.pb"/>
  <File Type="PLACE-CTRL" Name="Nexys4fpga_control_sets_placed.rpt"/>
  <File Type="PLACE-SIMILARITY" Name="Nexys4fpga_incremental_reuse_placed.rpt"/>
  <File Type="PLACE-PRE-SIMILARITY" Name="Nexys4fpga_incremental_reuse_pre_placed.rpt"/>
  <File Type="PLACE-TIMING" Name="Nexys4fpga_timing_summary_placed.rpt"/>
  <File Type="POSTPLACE-PWROPT-DCP" Name="Nexys4fpga_postplace_pwropt.dcp"/>
  <File Type="POSTPLACE-PWROPT-TIMING" Name="Nexys4fpga_timing_summary_postplace_pwropted.rpt"/>
  <File Type="PHYSOPT-DCP" Name="Nexys4fpga_physopt.dcp"/>
  <File Type="PHYSOPT-DRC" Name="Nexys4fpga_drc_physopted.rpt"/>
  <File Type="BG-BIT" Name="Nexys4fpga.bit"/>
  <File Type="PHYSOPT-TIMING" Name="Nexys4fpga_timing_summary_physopted.rpt"/>
  <File Type="ROUTE-ERROR-DCP" Name="Nexys4fpga_routed_error.dcp"/>
  <File Type="ROUTE-DCP" Name="Nexys4fpga_routed.dcp"/>
  <File Type="ROUTE-BLACKBOX-DCP" Name="Nexys4fpga_routed_bb.dcp"/>
  <File Type="ROUTE-DRC" Name="Nexys4fpga_drc_routed.rpt"/>
  <File Type="ROUTE-DRC-PB" Name="Nexys4fpga_drc_routed.pb"/>
  <File Type="BITSTR-MSK" Name="Nexys4fpga.msk"/>
  <File Type="ROUTE-DRC-RPX" Name="Nexys4fpga_drc_routed.rpx"/>
  <File Type="BG-BGN" Name="Nexys4fpga.bgn"/>
  <File Type="ROUTE-METHODOLOGY-DRC" Name="Nexys4fpga_methodology_drc_routed.rpt"/>
  <File Type="BITSTR-RBT" Name="Nexys4fpga.rbt"/>
  <File Type="ROUTE-METHODOLOGY-DRC-RPX" Name="Nexys4fpga_methodology_drc_routed.rpx"/>
  <File Type="BG-BIN" Name="Nexys4fpga.bin"/>
  <File Type="ROUTE-METHODOLOGY-DRC-PB" Name="Nexys4fpga_methodology_drc_routed.pb"/>
  <File Type="ROUTE-PWR-RPX" Name="Nexys4fpga_power_routed.rpx"/>
  <File Type="ROUTE-STATUS" Name="Nexys4fpga_route_status.rpt"/>
  <File Type="ROUTE-STATUS-PB" Name="Nexys4fpga_route_status.pb"/>
  <File Type="ROUTE-TIMINGSUMMARY" Name="Nexys4fpga_timing_summary_routed.rpt"/>
  <File Type="ROUTE-TIMING-PB" Name="Nexys4fpga_timing_summary_routed.pb"/>
  <File Type="ROUTE-TIMING-RPX" Name="Nexys4fpga_timing_summary_routed.rpx"/>
  <File Type="ROUTE-SIMILARITY" Name="Nexys4fpga_incremental_reuse_routed.rpt"/>
  <File Type="RDI-RDI" Name="Nexys4fpga.vdi"/>
  <File Type="ROUTE-CLK" Name="Nexys4fpga_clock_utilization_routed.rpt"/>
  <File Type="POSTROUTE-PHYSOPT-DCP" Name="Nexys4fpga_postroute_physopt.dcp"/>
  <File Type="POSTROUTE-PHYSOPT-BLACKBOX-DCP" Name="Nexys4fpga_postroute_physopt_bb.dcp"/>
  <File Type="POSTROUTE-PHYSOPT-TIMING" Name="Nexys4fpga_timing_summary_postroute_physopted.rpt"/>
  <File Type="POSTROUTE-PHYSOPT-TIMING-RPX" Name="Nexys4fpga_timing_summary_postroute_physopted.rpx"/>
  <File Type="BITSTR-NKY" Name="Nexys4fpga.nky"/>
  <File Type="BITSTR-BMM" Name="Nexys4fpga_bd.bmm"/>
  <File Type="BITSTR-MMI" Name="Nexys4fpga.mmi"/>
  <File Type="BITSTR-LTX" Name="debug_nets.ltx"/>
  <File Type="BITSTR-LTX" Name="Nexys4fpga.ltx"/>
  <File Type="BITSTR-SYSDEF" Name="Nexys4fpga.sysdef"/>
  <File Type="WBT-USG" Name="usage_statistics_webtalk.html"/>
  <FileSet Name="sources" Type="DesignSrcs" RelSrcDir="$PSRCDIR/sources_1">
    <Filter Type="Srcs"/>
    <File Path="$PSRCDIR/sources_1/imports/hdl/adder_12bit.v">
      <FileInfo>
        <Attr Name="ImportPath" Val="$PPRDIR/../../../../../../../../../../../../Google Drive/_PSUCourseProjects/ECE540_fall16/vedic_mac/hdl/adder_12bit.v"/>
        <Attr Name="ImportTime" Val="1472527080"/>
        <Attr Name="UsedIn" Val="synthesis"/>
        <Attr Name="UsedIn" Val="implementation"/>
        <Attr Name="UsedIn" Val="simulation"/>
      </FileInfo>
    </File>
    <File Path="$PSRCDIR/sources_1/imports/hdl/adder_16bit.v">
      <FileInfo>
        <Attr Name="ImportPath" Val="$PPRDIR/../../../../../../../../../../../../Google Drive/_PSUCourseProjects/ECE540_fall16/vedic_mac/hdl/adder_16bit.v"/>
        <Attr Name="ImportTime" Val="1472527305"/>
        <Attr Name="UsedIn" Val="synthesis"/>
        <Attr Name="UsedIn" Val="implementation"/>
        <Attr Name="UsedIn" Val="simulation"/>
      </FileInfo>
    </File>
    <File Path="$PSRCDIR/sources_1/imports/hdl/adder_24bit.v">
      <FileInfo>
        <Attr Name="ImportPath" Val="$PPRDIR/../../../../../../../../../../../../Google Drive/_PSUCourseProjects/ECE540_fall16/vedic_mac/hdl/adder_24bit.v"/>
        <Attr Name="ImportTime" Val="1472527253"/>
        <Attr Name="UsedIn" Val="synthesis"/>
        <Attr Name="UsedIn" Val="implementation"/>
        <Attr Name="UsedIn" Val="simulation"/>
      </FileInfo>
    </File>
    <File Path="$PSRCDIR/sources_1/imports/hdl/adder_4bit.v">
      <FileInfo>
        <Attr Name="ImportPath" Val="$PPRDIR/../../../../../../../../../../../../Google Drive/_PSUCourseProjects/ECE540_fall16/vedic_mac/hdl/adder_4bit.v"/>
        <Attr Name="ImportTime" Val="1472516855"/>
        <Attr Name="UsedIn" Val="synthesis"/>
        <Attr Name="UsedIn" Val="implementation"/>
        <Attr Name="UsedIn" Val="simulation"/>
      </FileInfo>
    </File>
    <File Path="$PSRCDIR/sources_1/imports/hdl/adder_6bit.v">
      <FileInfo>
        <Attr Name="ImportPath" Val="$PPRDIR/../../../../../../../../../../../../Google Drive/_PSUCourseProjects/ECE540_fall16/vedic_mac/hdl/adder_6bit.v"/>
        <Attr Name="ImportTime" Val="1472587746"/>
        <Attr Name="UsedIn" Val="synthesis"/>
        <Attr Name="UsedIn" Val="implementation"/>
        <Attr Name="UsedIn" Val="simulation"/>
      </FileInfo>
    </File>
    <File Path="$PSRCDIR/sources_1/imports/hdl/adder_8bit.v">
      <FileInfo>
        <Attr Name="ImportPath" Val="$PPRDIR/../../../../../../../../../../../../Google Drive/_PSUCourseProjects/ECE540_fall16/vedic_mac/hdl/adder_8bit.v"/>
        <Attr Name="ImportTime" Val="1472516824"/>
        <Attr Name="UsedIn" Val="synthesis"/>
        <Attr Name="UsedIn" Val="implementation"/>
        <Attr Name="UsedIn" Val="simulation"/>
      </FileInfo>
    </File>
    <File Path="$PSRCDIR/sources_1/imports/hdl/binary_to_bcd.v">
      <FileInfo>
        <Attr Name="ImportPath" Val="$PPRDIR/../../../../../../../../../../../../Google Drive/_PSUCourseProjects/ECE540_fall16/vedic_mac/hdl/binary_to_bcd.v"/>
        <Attr Name="ImportTime" Val="1473142285"/>
        <Attr Name="UsedIn" Val="synthesis"/>
        <Attr Name="UsedIn" Val="implementation"/>
        <Attr Name="UsedIn" Val="simulation"/>
      </FileInfo>
    </File>
    <File Path="$PSRCDIR/sources_1/imports/hdl/debounce.v">
      <FileInfo>
        <Attr Name="ImportPath" Val="$PPRDIR/../../../../../../../../../../../../Google Drive/_PSUCourseProjects/ECE540_fall16/vedic_mac/hdl/debounce.v"/>
        <Attr Name="ImportTime" Val="1408659159"/>
        <Attr Name="UsedIn" Val="synthesis"/>
        <Attr Name="UsedIn" Val="implementation"/>
        <Attr Name="UsedIn" Val="simulation"/>
      </FileInfo>
    </File>
    <File Path="$PSRCDIR/sources_1/imports/hdl/fa.v">
      <FileInfo>
        <Attr Name="ImportPath" Val="$PPRDIR/../../../../../../../../../../../../Google Drive/_PSUCourseProjects/ECE540_fall16/vedic_mac/hdl/fa.v"/>
        <Attr Name="ImportTime" Val="1472510744"/>
        <Attr Name="UsedIn" Val="synthesis"/>
        <Attr Name="UsedIn" Val="implementation"/>
        <Attr Name="UsedIn" Val="simulation"/>
      </FileInfo>
    </File>
    <File Path="$PSRCDIR/sources_1/imports/hdl/ha.v">
      <FileInfo>
        <Attr Name="ImportPath" Val="$PPRDIR/../../../../../../../../../../../../Google Drive/_PSUCourseProjects/ECE540_fall16/vedic_mac/hdl/ha.v"/>
        <Attr Name="ImportTime" Val="1472589322"/>
        <Attr Name="UsedIn" Val="synthesis"/>
        <Attr Name="UsedIn" Val="implementation"/>
        <Attr Name="UsedIn" Val="simulation"/>
      </FileInfo>
    </File>
    <File Path="$PSRCDIR/sources_1/imports/hdl/sevensegment.v">
      <FileInfo>
        <Attr Name="ImportPath" Val="$PPRDIR/../../../../../../../../../../../../Google Drive/_PSUCourseProjects/ECE540_fall16/vedic_mac/hdl/sevensegment.v"/>
        <Attr Name="ImportTime" Val="1408670118"/>
        <Attr Name="UsedIn" Val="synthesis"/>
        <Attr Name="UsedIn" Val="implementation"/>
        <Attr Name="UsedIn" Val="simulation"/>
      </FileInfo>
    </File>
    <File Path="$PSRCDIR/sources_1/imports/hdl/vedic_16X16.v">
      <FileInfo>
        <Attr Name="ImportPath" Val="$PPRDIR/../../../../../../../../../../../../Google Drive/_PSUCourseProjects/ECE540_fall16/vedic_mac/hdl/vedic_16X16.v"/>
        <Attr Name="ImportTime" Val="1472583214"/>
        <Attr Name="UsedIn" Val="synthesis"/>
        <Attr Name="UsedIn" Val="implementation"/>
        <Attr Name="UsedIn" Val="simulation"/>
      </FileInfo>
    </File>
    <File Path="$PSRCDIR/sources_1/imports/hdl/vedic_2X2.v">
      <FileInfo>
        <Attr Name="ImportPath" Val="$PPRDIR/../../../../../../../../../../../../Google Drive/_PSUCourseProjects/ECE540_fall16/vedic_mac/hdl/vedic_2X2.v"/>
        <Attr Name="ImportTime" Val="1472583699"/>
        <Attr Name="UsedIn" Val="synthesis"/>
        <Attr Name="UsedIn" Val="implementation"/>
        <Attr Name="UsedIn" Val="simulation"/>
      </FileInfo>
    </File>
    <File Path="$PSRCDIR/sources_1/imports/hdl/vedic_4X4.v">
      <FileInfo>
        <Attr Name="ImportPath" Val="$PPRDIR/../../../../../../../../../../../../Google Drive/_PSUCourseProjects/ECE540_fall16/vedic_mac/hdl/vedic_4X4.v"/>
        <Attr Name="ImportTime" Val="1472583065"/>
        <Attr Name="UsedIn" Val="synthesis"/>
        <Attr Name="UsedIn" Val="implementation"/>
        <Attr Name="UsedIn" Val="simulation"/>
      </FileInfo>
    </File>
    <File Path="$PSRCDIR/sources_1/imports/hdl/vedic_8X8.v">
      <FileInfo>
        <Attr Name="ImportPath" Val="$PPRDIR/../../../../../../../../../../../../Google Drive/_PSUCourseProjects/ECE540_fall16/vedic_mac/hdl/vedic_8X8.v"/>
        <Attr Name="ImportTime" Val="1472584004"/>
        <Attr Name="UsedIn" Val="synthesis"/>
        <Attr Name="UsedIn" Val="implementation"/>
        <Attr Name="UsedIn" Val="simulation"/>
      </FileInfo>
    </File>
    <File Path="$PSRCDIR/sources_1/imports/hdl/vedic_mult_ctl.v">
      <FileInfo>
        <Attr Name="ImportPath" Val="$PPRDIR/../../../../../../../../../../../../Google Drive/_PSUCourseProjects/ECE540_fall16/vedic_mac/hdl/vedic_mult_ctl.v"/>
        <Attr Name="ImportTime" Val="1473295211"/>
        <Attr Name="UsedIn" Val="synthesis"/>
        <Attr Name="UsedIn" Val="implementation"/>
        <Attr Name="UsedIn" Val="simulation"/>
      </FileInfo>
    </File>
    <File Path="$PSRCDIR/sources_1/imports/hdl/vedic_mult_outmux.v">
      <FileInfo>
        <Attr Name="ImportPath" Val="$PPRDIR/../../../../../../../../../../../../Google Drive/_PSUCourseProjects/ECE540_fall16/vedic_mac/hdl/vedic_mult_outmux.v"/>
        <Attr Name="ImportTime" Val="1473292123"/>
        <Attr Name="UsedIn" Val="synthesis"/>
        <Attr Name="UsedIn" Val="implementation"/>
        <Attr Name="UsedIn" Val="simulation"/>
      </FileInfo>
    </File>
    <File Path="$PSRCDIR/sources_1/imports/hdl/nexys4fpga.v">
      <FileInfo>
        <Attr Name="ImportPath" Val="$PPRDIR/../../../../../../../../../../../../Google Drive/_PSUCourseProjects/ECE540_fall16/vedic_mac/hdl/nexys4fpga.v"/>
        <Attr Name="ImportTime" Val="1473283097"/>
        <Attr Name="UsedIn" Val="synthesis"/>
        <Attr Name="UsedIn" Val="implementation"/>
        <Attr Name="UsedIn" Val="simulation"/>
      </FileInfo>
    </File>
    <File Path="$PSRCDIR/sources_1/imports/vedic_multiply_r0/archive_project_summary.txt">
      <FileInfo>
        <Attr Name="ImportPath" Val="$PPRDIR/../../../../../../../../Google Drive/_PSUProjects/ece540f17/vedic_multiply_r0/archive_project_summary.txt"/>
        <Attr Name="ImportTime" Val="1477707906"/>
      </FileInfo>
    </File>
    <File Path="$PPRDIR/archive_project_summary.txt"/>
    <Config>
      <Option Name="DesignMode" Val="RTL"/>
      <Option Name="TopModule" Val="Nexys4fpga"/>
      <Option Name="TopAutoSet" Val="TRUE"/>
    </Config>
  </FileSet>
  <FileSet Name="constrs_in" Type="Constrs" RelSrcDir="$PSRCDIR/constrs_1">
    <Filter Type="Constrs"/>
    <File Path="$PSRCDIR/constrs_1/imports/constraints/n4DDRfpga.xdc">
      <FileInfo>
        <Attr Name="ImportPath" Val="$PPRDIR/../../../../../../../../../../../../Google Drive/_PSUCourseProjects/ECE540_fall16/vedic_mac/constraints/n4DDRfpga.xdc"/>
        <Attr Name="ImportTime" Val="1427509579"/>
        <Attr Name="UsedIn" Val="synthesis"/>
        <Attr Name="UsedIn" Val="implementation"/>
      </FileInfo>
    </File>
    <Config>
      <Option Name="ConstrsType" Val="XDC"/>
    </Config>
  </FileSet>
  <Strategy Version="1" Minor="2">
    <StratHandle Name="Vivado Implementation Defaults" Flow="Vivado Implementation 2017">
      <Desc>Default settings for Implementation.</Desc>
    </StratHandle>
    <Step Id="init_design"/>
    <Step Id="opt_design"/>
    <Step Id="power_opt_design" EnableStepBool="1"/>
    <Step Id="place_design"/>
    <Step Id="post_place_power_opt_design" EnableStepBool="1"/>
    <Step Id="phys_opt_design" EnableStepBool="1"/>
    <Step Id="route_design"/>
    <Step Id="post_route_phys_opt_design" EnableStepBool="1"/>
    <Step Id="write_bitstream"/>
  </Strategy>
  <BlockFileSet Type="BlockSrcs" Name="clk_wiz_0"/>
</GenRun>
