<?xml version="1.0" encoding="UTF-8"?>
<GenRun Id="synth_6" LaunchPart="xc7a100tcsg324-1" LaunchTime="1542164968">
  <File Type="PA-TCL" Name="Nexys4fpga.tcl"/>
  <File Type="RDS-PROPCONSTRS" Name="Nexys4fpga_drc_synth.rpt"/>
  <File Type="REPORTS-TCL" Name="Nexys4fpga_reports.tcl"/>
  <File Type="RDS-RDS" Name="Nexys4fpga.vds"/>
  <File Type="RDS-UTIL" Name="Nexys4fpga_utilization_synth.rpt"/>
  <File Type="RDS-UTIL-PB" Name="Nexys4fpga_utilization_synth.pb"/>
  <File Type="RDS-DCP" Name="Nexys4fpga.dcp"/>
  <File Type="VDS-TIMINGSUMMARY" Name="Nexys4fpga_timing_summary_synth.rpt"/>
  <File Type="VDS-TIMING-PB" Name="Nexys4fpga_timing_summary_synth.pb"/>
  <FileSet Name="sources" Type="DesignSrcs" RelSrcDir="$PSRCDIR/sources_1">
    <Filter Type="Srcs"/>
    <File Path="$PSRCDIR/sources_1/imports/hdl/adder_12bit.v">
      <FileInfo>
        <Attr Name="ImportPath" Val="$PPRDIR/../../../../../../../../../../../../Google Drive/_PSUCourseProjects/ECE540_fall16/vedic_mac/hdl/adder_12bit.v"/>
        <Attr Name="ImportTime" Val="1472527080"/>
        <Attr Name="UsedIn" Val="synthesis"/>
        <Attr Name="UsedIn" Val="implementation"/>
        <Attr Name="UsedIn" Val="simulation"/>
      </FileInfo>
    </File>
    <File Path="$PSRCDIR/sources_1/imports/hdl/adder_16bit.v">
      <FileInfo>
        <Attr Name="ImportPath" Val="$PPRDIR/../../../../../../../../../../../../Google Drive/_PSUCourseProjects/ECE540_fall16/vedic_mac/hdl/adder_16bit.v"/>
        <Attr Name="ImportTime" Val="1472527305"/>
        <Attr Name="UsedIn" Val="synthesis"/>
        <Attr Name="UsedIn" Val="implementation"/>
        <Attr Name="UsedIn" Val="simulation"/>
      </FileInfo>
    </File>
    <File Path="$PSRCDIR/sources_1/imports/hdl/adder_24bit.v">
      <FileInfo>
        <Attr Name="ImportPath" Val="$PPRDIR/../../../../../../../../../../../../Google Drive/_PSUCourseProjects/ECE540_fall16/vedic_mac/hdl/adder_24bit.v"/>
        <Attr Name="ImportTime" Val="1472527253"/>
        <Attr Name="UsedIn" Val="synthesis"/>
        <Attr Name="UsedIn" Val="implementation"/>
        <Attr Name="UsedIn" Val="simulation"/>
      </FileInfo>
    </File>
    <File Path="$PSRCDIR/sources_1/imports/hdl/adder_4bit.v">
      <FileInfo>
        <Attr Name="ImportPath" Val="$PPRDIR/../../../../../../../../../../../../Google Drive/_PSUCourseProjects/ECE540_fall16/vedic_mac/hdl/adder_4bit.v"/>
        <Attr Name="ImportTime" Val="1472516855"/>
        <Attr Name="UsedIn" Val="synthesis"/>
        <Attr Name="UsedIn" Val="implementation"/>
        <Attr Name="UsedIn" Val="simulation"/>
      </FileInfo>
    </File>
    <File Path="$PSRCDIR/sources_1/imports/hdl/adder_6bit.v">
      <FileInfo>
        <Attr Name="ImportPath" Val="$PPRDIR/../../../../../../../../../../../../Google Drive/_PSUCourseProjects/ECE540_fall16/vedic_mac/hdl/adder_6bit.v"/>
        <Attr Name="ImportTime" Val="1472587746"/>
        <Attr Name="UsedIn" Val="synthesis"/>
        <Attr Name="UsedIn" Val="implementation"/>
        <Attr Name="UsedIn" Val="simulation"/>
      </FileInfo>
    </File>
    <File Path="$PSRCDIR/sources_1/imports/hdl/adder_8bit.v">
      <FileInfo>
        <Attr Name="ImportPath" Val="$PPRDIR/../../../../../../../../../../../../Google Drive/_PSUCourseProjects/ECE540_fall16/vedic_mac/hdl/adder_8bit.v"/>
        <Attr Name="ImportTime" Val="1472516824"/>
        <Attr Name="UsedIn" Val="synthesis"/>
        <Attr Name="UsedIn" Val="implementation"/>
        <Attr Name="UsedIn" Val="simulation"/>
      </FileInfo>
    </File>
    <File Path="$PSRCDIR/sources_1/imports/hdl/binary_to_bcd.v">
      <FileInfo>
        <Attr Name="ImportPath" Val="$PPRDIR/../../../../../../../../../../../../Google Drive/_PSUCourseProjects/ECE540_fall16/vedic_mac/hdl/binary_to_bcd.v"/>
        <Attr Name="ImportTime" Val="1473142285"/>
        <Attr Name="UsedIn" Val="synthesis"/>
        <Attr Name="UsedIn" Val="implementation"/>
        <Attr Name="UsedIn" Val="simulation"/>
      </FileInfo>
    </File>
    <File Path="$PSRCDIR/sources_1/imports/hdl/debounce.v">
      <FileInfo>
        <Attr Name="ImportPath" Val="$PPRDIR/../../../../../../../../../../../../Google Drive/_PSUCourseProjects/ECE540_fall16/vedic_mac/hdl/debounce.v"/>
        <Attr Name="ImportTime" Val="1408659159"/>
        <Attr Name="UsedIn" Val="synthesis"/>
        <Attr Name="UsedIn" Val="implementation"/>
        <Attr Name="UsedIn" Val="simulation"/>
      </FileInfo>
    </File>
    <File Path="$PSRCDIR/sources_1/imports/hdl/fa.v">
      <FileInfo>
        <Attr Name="ImportPath" Val="$PPRDIR/../../../../../../../../../../../../Google Drive/_PSUCourseProjects/ECE540_fall16/vedic_mac/hdl/fa.v"/>
        <Attr Name="ImportTime" Val="1472510744"/>
        <Attr Name="UsedIn" Val="synthesis"/>
        <Attr Name="UsedIn" Val="implementation"/>
        <Attr Name="UsedIn" Val="simulation"/>
      </FileInfo>
    </File>
    <File Path="$PSRCDIR/sources_1/imports/hdl/ha.v">
      <FileInfo>
        <Attr Name="ImportPath" Val="$PPRDIR/../../../../../../../../../../../../Google Drive/_PSUCourseProjects/ECE540_fall16/vedic_mac/hdl/ha.v"/>
        <Attr Name="ImportTime" Val="1472589322"/>
        <Attr Name="UsedIn" Val="synthesis"/>
        <Attr Name="UsedIn" Val="implementation"/>
        <Attr Name="UsedIn" Val="simulation"/>
      </FileInfo>
    </File>
    <File Path="$PSRCDIR/sources_1/imports/hdl/sevensegment.v">
      <FileInfo>
        <Attr Name="ImportPath" Val="$PPRDIR/../../../../../../../../../../../../Google Drive/_PSUCourseProjects/ECE540_fall16/vedic_mac/hdl/sevensegment.v"/>
        <Attr Name="ImportTime" Val="1408670118"/>
        <Attr Name="UsedIn" Val="synthesis"/>
        <Attr Name="UsedIn" Val="implementation"/>
        <Attr Name="UsedIn" Val="simulation"/>
      </FileInfo>
    </File>
    <File Path="$PSRCDIR/sources_1/imports/hdl/vedic_16X16.v">
      <FileInfo>
        <Attr Name="ImportPath" Val="$PPRDIR/../../../../../../../../../../../../Google Drive/_PSUCourseProjects/ECE540_fall16/vedic_mac/hdl/vedic_16X16.v"/>
        <Attr Name="ImportTime" Val="1472583214"/>
        <Attr Name="UsedIn" Val="synthesis"/>
        <Attr Name="UsedIn" Val="implementation"/>
        <Attr Name="UsedIn" Val="simulation"/>
      </FileInfo>
    </File>
    <File Path="$PSRCDIR/sources_1/imports/hdl/vedic_2X2.v">
      <FileInfo>
        <Attr Name="ImportPath" Val="$PPRDIR/../../../../../../../../../../../../Google Drive/_PSUCourseProjects/ECE540_fall16/vedic_mac/hdl/vedic_2X2.v"/>
        <Attr Name="ImportTime" Val="1472583699"/>
        <Attr Name="UsedIn" Val="synthesis"/>
        <Attr Name="UsedIn" Val="implementation"/>
        <Attr Name="UsedIn" Val="simulation"/>
      </FileInfo>
    </File>
    <File Path="$PSRCDIR/sources_1/imports/hdl/vedic_4X4.v">
      <FileInfo>
        <Attr Name="ImportPath" Val="$PPRDIR/../../../../../../../../../../../../Google Drive/_PSUCourseProjects/ECE540_fall16/vedic_mac/hdl/vedic_4X4.v"/>
        <Attr Name="ImportTime" Val="1472583065"/>
        <Attr Name="UsedIn" Val="synthesis"/>
        <Attr Name="UsedIn" Val="implementation"/>
        <Attr Name="UsedIn" Val="simulation"/>
      </FileInfo>
    </File>
    <File Path="$PSRCDIR/sources_1/imports/hdl/vedic_8X8.v">
      <FileInfo>
        <Attr Name="ImportPath" Val="$PPRDIR/../../../../../../../../../../../../Google Drive/_PSUCourseProjects/ECE540_fall16/vedic_mac/hdl/vedic_8X8.v"/>
        <Attr Name="ImportTime" Val="1472584004"/>
        <Attr Name="UsedIn" Val="synthesis"/>
        <Attr Name="UsedIn" Val="implementation"/>
        <Attr Name="UsedIn" Val="simulation"/>
      </FileInfo>
    </File>
    <File Path="$PSRCDIR/sources_1/imports/hdl/vedic_mult_ctl.v">
      <FileInfo>
        <Attr Name="ImportPath" Val="$PPRDIR/../../../../../../../../../../../../Google Drive/_PSUCourseProjects/ECE540_fall16/vedic_mac/hdl/vedic_mult_ctl.v"/>
        <Attr Name="ImportTime" Val="1473295211"/>
        <Attr Name="UsedIn" Val="synthesis"/>
        <Attr Name="UsedIn" Val="implementation"/>
        <Attr Name="UsedIn" Val="simulation"/>
      </FileInfo>
    </File>
    <File Path="$PSRCDIR/sources_1/imports/hdl/vedic_mult_outmux.v">
      <FileInfo>
        <Attr Name="ImportPath" Val="$PPRDIR/../../../../../../../../../../../../Google Drive/_PSUCourseProjects/ECE540_fall16/vedic_mac/hdl/vedic_mult_outmux.v"/>
        <Attr Name="ImportTime" Val="1473292123"/>
        <Attr Name="UsedIn" Val="synthesis"/>
        <Attr Name="UsedIn" Val="implementation"/>
        <Attr Name="UsedIn" Val="simulation"/>
      </FileInfo>
    </File>
    <File Path="$PSRCDIR/sources_1/imports/hdl/nexys4fpga.v">
      <FileInfo>
        <Attr Name="ImportPath" Val="$PPRDIR/../../../../../../../../../../../../Google Drive/_PSUCourseProjects/ECE540_fall16/vedic_mac/hdl/nexys4fpga.v"/>
        <Attr Name="ImportTime" Val="1473283097"/>
        <Attr Name="UsedIn" Val="synthesis"/>
        <Attr Name="UsedIn" Val="implementation"/>
        <Attr Name="UsedIn" Val="simulation"/>
      </FileInfo>
    </File>
    <File Path="$PSRCDIR/sources_1/imports/vedic_multiply_r0/archive_project_summary.txt">
      <FileInfo>
        <Attr Name="ImportPath" Val="$PPRDIR/../../../../../../../../Google Drive/_PSUProjects/ece540f17/vedic_multiply_r0/archive_project_summary.txt"/>
        <Attr Name="ImportTime" Val="1477707906"/>
      </FileInfo>
    </File>
    <File Path="$PPRDIR/archive_project_summary.txt"/>
    <Config>
      <Option Name="DesignMode" Val="RTL"/>
      <Option Name="TopModule" Val="Nexys4fpga"/>
      <Option Name="TopAutoSet" Val="TRUE"/>
    </Config>
  </FileSet>
  <FileSet Name="constrs_in" Type="Constrs" RelSrcDir="$PSRCDIR/constrs_1">
    <Filter Type="Constrs"/>
    <File Path="$PSRCDIR/constrs_1/imports/constraints/n4DDRfpga.xdc">
      <FileInfo>
        <Attr Name="ImportPath" Val="$PPRDIR/../../../../../../../../../../../../Google Drive/_PSUCourseProjects/ECE540_fall16/vedic_mac/constraints/n4DDRfpga.xdc"/>
        <Attr Name="ImportTime" Val="1427509579"/>
        <Attr Name="UsedIn" Val="synthesis"/>
        <Attr Name="UsedIn" Val="implementation"/>
      </FileInfo>
    </File>
    <Config>
      <Option Name="ConstrsType" Val="XDC"/>
    </Config>
  </FileSet>
  <Strategy Version="1" Minor="2">
    <StratHandle Name="Vivado Synthesis Defaults" Flow="Vivado Synthesis 2017">
      <Desc>Vivado Synthesis Defaults</Desc>
    </StratHandle>
    <Step Id="synth_design">
      <Option Id="GatedClockConversion">1</Option>
      <Option Id="ReTiming">1</Option>
    </Step>
  </Strategy>
  <BlockFileSet Type="BlockSrcs" Name="clk_wiz_0"/>
</GenRun>
